elapsed (s),x-axis (g),y-axis (g),z-axis (g)
0.0,0.875,0.161,0.438
0.08,0.898,0.166,0.448
0.16,0.8959999999999999,0.187,0.449
0.24,0.888,0.177,0.444
0.32,0.898,0.16699999999999998,0.435
0.4,0.897,0.17800000000000002,0.4320000000000001
0.48,0.8959999999999999,0.185,0.433
0.56,0.899,0.191,0.428
0.64,0.8959999999999999,0.191,0.4320000000000001
0.72,0.899,0.188,0.43
0.8,0.898,0.194,0.415
0.88,0.898,0.185,0.441
0.96,0.9,0.194,0.429
1.04,0.892,0.189,0.435
1.12,0.883,0.166,0.441
1.2,0.878,0.203,0.463
1.28,0.908,0.21,0.424
1.36,0.8909999999999999,0.202,0.419
1.44,0.906,0.189,0.419
1.52,0.901,0.195,0.417
1.6,0.892,0.202,0.42
1.68,0.917,0.201,0.426
1.76,0.8959999999999999,0.19,0.412
1.84,0.905,0.209,0.422
1.92,0.905,0.212,0.405
2.0,0.887,0.2,0.42
2.08,0.8859999999999999,0.21,0.44
2.16,0.905,0.219,0.447
2.24,0.917,0.219,0.4320000000000001
2.32,0.873,0.21,0.477
2.4,0.878,0.205,0.481
2.48,0.8590000000000001,0.204,0.48
2.56,0.8240000000000001,0.204,0.429
2.64,0.8170000000000001,0.197,0.471
2.72,0.826,0.235,0.565
2.8000000000000003,0.8690000000000001,0.317,0.502
2.88,0.82,0.386,0.422
2.96,0.856,0.406,0.48
3.04,0.8440000000000001,0.32299999999999995,0.4920000000000001
3.12,0.8009999999999999,0.301,0.476
3.2,0.809,0.326,0.486
3.28,0.8690000000000001,0.333,0.499
3.36,0.871,0.269,0.47
3.44,0.884,0.129,0.339
3.52,0.976,0.078,0.159
3.6,1.111,0.16899999999999998,0.184
3.68,0.962,0.115,0.209
3.76,0.908,0.067,0.23
3.84,1.01,0.165,0.35100000000000003
3.92,0.848,0.305,0.302
4.0,0.952,0.363,0.35200000000000004
4.08,0.936,0.3,0.376
4.16,0.901,0.312,0.393
4.24,0.855,0.266,0.405
4.32,0.8490000000000001,0.267,0.3670000000000001
4.4,0.8959999999999999,0.248,0.384
4.48,0.908,0.243,0.392
4.5600000000000005,0.908,0.254,0.403
4.64,0.952,0.201,0.326
4.72,1.164,0.105,0.14400000000000002
4.8,1.111,0.077,-0.021
4.88,1.016,0.153,-0.104
4.96,0.96,0.135,-0.08199999999999999
5.04,0.895,0.1,-0.095
5.12,1.021,0.208,0.122
5.2,1.012,0.337,0.267
5.28,0.926,0.32299999999999995,0.299
5.36,0.888,0.313,0.349
5.44,0.9,0.354,0.399
5.5200000000000005,0.8740000000000001,0.319,0.414
5.6000000000000005,0.845,0.335,0.441
5.68,0.83,0.325,0.454
5.76,0.823,0.348,0.456
5.84,0.8,0.35700000000000004,0.473
5.92,0.805,0.383,0.457
6.0,0.7929999999999999,0.34600000000000003,0.498
6.08,0.81,0.173,0.382
6.16,1.046,0.2,-0.07200000000000001
6.24,1.162,0.152,-0.276
6.32,1.017,0.095,-0.16899999999999998
6.4,0.868,0.127,-0.181
6.48,0.816,0.123,-0.053
6.5600000000000005,0.865,0.201,0.087
6.6400000000000015,0.8290000000000001,0.341,0.092
6.72,0.785,0.334,-0.008
6.8,0.983,0.452,-0.035
6.88,1.253,0.595,-0.11
6.96,1.757,0.765,-0.138
7.04,1.705,0.573,0.319
7.12,0.84,0.086,0.408
7.2,0.096,0.084,0.045
7.28,-0.11,0.213,-0.07200000000000001
7.36,-0.292,0.14300000000000002,-0.179
7.44,0.458,-0.254,0.138
7.52,0.321,0.4,0.34600000000000003
7.6,1.4680000000000002,-1.05,0.608
7.68,2.636,-3.151,-0.081
7.76,0.3670000000000001,-1.06,0.217
7.84,0.29600000000000004,-0.52,0.527
7.92,0.6409999999999999,-0.426,0.7020000000000001
8.0,0.75,-0.269,0.787
8.08,0.695,-0.369,0.777
8.16,0.596,-0.391,0.747
8.24,0.547,-0.345,0.743
8.32,0.526,-0.362,0.688
8.4,0.595,-0.33,0.7
8.48,0.619,-0.358,0.8320000000000001
8.56,0.545,-0.145,0.721
8.64,0.672,-0.196,0.764
8.72,0.6659999999999999,-0.221,0.882
8.8,0.4,-0.231,0.912
8.88,0.418,-0.205,0.797
8.96,0.521,-0.192,0.843
9.04,0.5489999999999999,-0.183,0.895
9.12,0.5529999999999999,-0.233,0.8059999999999999
9.2,0.6,-0.289,0.7609999999999999
9.28,0.65,-0.238,0.989
9.36,0.509,-0.129,0.949
9.44,0.562,0.068,0.8420000000000001
9.52,0.534,0.225,0.7709999999999999
9.6,0.528,0.25,0.7559999999999999
9.68,0.586,0.29100000000000004,0.6629999999999999
9.76,0.703,0.198,0.607
9.84,0.76,0.147,0.518
9.92,0.868,0.096,0.364
10.0,0.923,0.123,0.23
10.08,0.959,0.102,0.008
10.16,0.963,-0.026,-0.24
10.24,1.005,0.023,-0.449
10.32,0.926,0.009000000000000001,-0.446
10.4,0.862,-0.037000000000000005,-0.517
10.48,0.87,-0.052000000000000005,-0.535
10.56,0.6970000000000001,0.146,-0.608
10.64,0.804,0.006,-0.79
10.72,1.028,-0.067,-0.747
10.8,0.613,0.277,-0.7490000000000001
10.88,0.6809999999999999,-0.038,-0.677
10.96,0.777,-0.0,-0.612
11.04,1.061,0.006,-0.63
11.12,1.416,0.416,-0.759
11.2,1.46,0.7290000000000001,-0.622
11.28,0.736,0.472,-0.135
11.36,0.7240000000000001,-0.049,-0.21
11.44,1.0759999999999998,0.147,-0.556
11.52,0.805,0.327,-0.499
11.6,0.732,0.101,-0.414
11.68,0.848,0.042,-0.108
11.76,0.7340000000000001,0.121,-0.08
11.84,0.777,0.126,-0.111
11.92,0.835,0.273,-0.015
12.0,1.163,0.306,-0.073
12.08,1.213,0.507,-0.165
12.16,1.255,0.7490000000000001,-0.345
12.24,1.238,0.5670000000000001,-0.117
12.32,0.8340000000000001,0.394,-0.36
12.4,0.7140000000000001,0.586,-0.391
12.48,0.799,0.467,-0.17600000000000002
12.56,0.718,0.32,-0.19
12.64,0.6940000000000001,0.267,-0.18
12.72,0.792,0.237,0.075
12.8,0.897,0.233,0.156
12.88,0.768,0.322,0.27
12.96,0.682,0.337,0.299
13.04,0.972,0.29600000000000004,0.405
13.12,1.006,0.255,0.41
13.2,0.852,0.265,0.386
13.28,0.856,0.25,0.358
13.36,0.8959999999999999,0.257,0.438
13.44,0.8740000000000001,0.202,0.418
13.52,0.905,0.207,0.407
13.6,0.885,0.197,0.382
13.68,0.963,0.235,0.444
13.76,0.89,0.299,0.421
13.84,0.812,0.345,0.345
13.92,0.924,0.306,0.245
14.0,0.95,0.29600000000000004,0.24
14.08,0.955,0.284,0.243
14.16,0.941,0.276,0.24
14.24,0.945,0.275,0.251
14.32,0.943,0.272,0.256
14.4,0.94,0.268,0.262
14.48,0.9259999999999999,0.263,0.271
14.56,0.93,0.268,0.27
14.64,0.943,0.267,0.271
14.72,0.953,0.268,0.263
14.8,0.9470000000000001,0.266,0.23800000000000002
14.88,0.946,0.271,0.22699999999999998
14.96,0.973,0.272,0.20800000000000002
15.04,0.9790000000000001,0.278,0.213
15.12,0.94,0.265,0.223
15.2,0.93,0.27699999999999997,0.24
15.28,0.932,0.31,0.276
15.36,0.893,0.34299999999999997,0.33299999999999996
15.44,0.846,0.34700000000000003,0.39299999999999996
15.52,0.8170000000000001,0.331,0.431
15.6,0.792,0.305,0.42
15.68,0.711,0.248,0.40700000000000003
15.76,0.565,0.17800000000000002,0.306
15.84,0.486,0.156,0.162
15.92,0.5429999999999999,0.191,0.053
16.0,1.032,0.315,-0.062
16.080000000000002,1.943,0.8140000000000001,-0.062
16.16,2.141,0.799,0.105
16.240000000000002,0.8490000000000001,0.462,0.27699999999999997
16.32,-0.015,0.016,0.026000000000000002
16.4,-0.081,-0.025,-0.08199999999999999
16.48,-0.147,-0.016,0.012
16.56,0.257,-0.051,0.062
16.64,2.427,-1.1420000000000001,0.578
16.72,2.082,-2.54,0.205
16.8,-0.02,-0.381,0.14
16.88,0.574,-0.45299999999999996,0.682
16.96,0.7559999999999999,-0.508,0.878
17.04,0.8,-0.203,0.831
17.12,0.5,-0.23,0.8759999999999999
17.2,0.369,-0.201,0.91
17.28,0.336,-0.15,0.875
17.36,0.32,-0.225,0.884
17.44,0.375,-0.317,0.935
17.52,0.42100000000000004,-0.17800000000000002,1.0
17.6,0.441,0.024,0.831
17.68,0.56,-0.23199999999999998,0.953
17.76,0.446,-0.33399999999999996,0.883
17.84,0.35100000000000003,-0.318,0.8370000000000001
17.92,0.354,-0.24600000000000002,0.9
18.0,0.366,-0.226,0.932
18.08,0.298,-0.242,0.914
18.16,0.377,-0.262,0.8859999999999999
18.24,0.34,-0.177,0.934
18.32,0.353,-0.154,0.9359999999999999
18.4,0.451,-0.182,0.8859999999999999
18.48,0.5579999999999999,-0.213,0.872
18.56,0.625,-0.27399999999999997,0.784
18.64,0.6890000000000001,-0.278,0.833
18.72,0.674,-0.237,0.833
18.8,0.56,-0.122,0.7909999999999999
18.88,0.579,-0.051,0.892
18.96,0.635,0.062,0.9009999999999999
19.04,0.583,0.06,0.705
19.12,0.5720000000000001,0.21,0.615
19.2,0.778,0.08199999999999999,0.522
19.28,0.82,0.027999999999999997,0.402
19.36,0.884,0.042,0.259
19.44,0.945,0.07200000000000001,0.195
19.52,0.956,0.085,0.075
19.6,0.99,0.141,-0.156
19.68,0.977,0.065,-0.24
19.76,0.8809999999999999,0.163,-0.34600000000000003
19.84,0.9390000000000001,0.273,-0.44299999999999995
19.92,1.014,0.386,-0.521
20.0,0.945,0.18100000000000002,-0.63
20.08,0.856,0.077,-0.486
20.16,0.8690000000000001,0.106,-0.435
20.24,0.7759999999999999,0.06,-0.522
20.32,0.6970000000000001,-0.004,-0.48100000000000004
20.4,0.741,0.036000000000000004,-0.44
20.48,0.943,0.15,-0.598
20.56,1.042,0.146,-0.7609999999999999
20.64,1.0190000000000001,0.478,-0.515
20.72,1.069,0.542,-0.3670000000000001
20.8,0.997,0.556,-0.479
20.88,0.768,0.5579999999999999,-0.544
20.96,0.672,0.517,-0.395
21.04,0.721,0.5379999999999999,-0.271
21.12,0.8009999999999999,0.562,-0.276
21.2,0.8390000000000001,0.486,-0.337
21.28,0.852,0.484,-0.41600000000000004
21.36,0.88,0.5,-0.38
21.44,0.956,0.43799999999999994,-0.265
21.52,0.9520000000000001,0.39799999999999996,-0.35
21.6,0.951,0.485,-0.39
21.68,0.935,0.564,-0.306
21.76,0.7040000000000001,0.684,-0.18899999999999997
21.84,0.526,0.826,-0.133
21.92,0.423,0.868,-0.16699999999999998
22.0,0.491,0.774,0.068
22.08,0.664,0.511,0.21899999999999997
22.16,0.7190000000000001,0.3670000000000001,0.39899999999999997
22.24,0.726,0.299,0.475
22.32,0.7440000000000001,0.337,0.445
22.4,0.818,0.456,0.502
22.48,0.857,0.457,0.47200000000000003
22.56,1.1,0.509,0.032
22.64,1.423,0.703,-0.043
22.72,1.339,0.575,0.07400000000000001
22.8,1.165,0.364,0.114
22.88,0.992,0.297,-0.039
22.96,0.946,0.215,-0.14800000000000002
23.04,0.7829999999999999,0.183,-0.10300000000000001
23.12,0.445,0.16399999999999998,-0.126
23.2,0.491,0.22699999999999998,-0.073
23.28,0.93,0.22899999999999998,0.23199999999999998
23.36,1.113,0.415,0.469
23.44,0.777,0.413,0.418
23.52,0.957,0.253,0.214
23.6,0.969,0.245,0.221
23.68,0.964,0.236,0.259
23.76,0.925,0.257,0.319
23.84,0.855,0.281,0.33
23.92,0.8490000000000001,0.25,0.336
24.0,0.962,0.28,0.407
24.08,0.905,0.231,0.39
24.16,0.885,0.252,0.361
24.24,0.905,0.268,0.34
24.32,0.926,0.249,0.332
24.4,0.932,0.26,0.31
24.48,0.923,0.276,0.277
24.56,0.897,0.276,0.31
24.64,0.868,0.328,0.29600000000000004
24.72,0.902,0.41,0.337
24.8,0.899,0.431,0.343
24.88,0.877,0.403,0.35200000000000004
24.96,0.831,0.443,0.301
25.04,0.885,0.375,0.245
25.12,0.913,0.267,0.001
25.2,0.904,0.274,-0.034
25.28,0.5539999999999999,0.222,0.099
25.36,0.7559999999999999,0.325,0.084
25.44,1.014,0.464,0.091
25.52,0.792,0.418,-0.127
25.6,0.6890000000000001,0.4270000000000001,-0.17
25.68,0.787,0.449,-0.27
25.76,1.156,0.612,-0.298
25.84,1.729,0.944,-0.312
25.92,1.6740000000000002,0.916,0.02
26.0,0.75,0.476,0.35600000000000004
26.08,0.056,0.063,0.076
26.16,-0.508,0.13,-0.188
26.24,-0.237,0.108,-0.18
26.32,0.33,-0.101,0.319
26.4,1.36,-0.966,0.303
26.48,2.53,-3.2310000000000003,-1.057
26.56,-0.091,-0.828,-0.503
26.64,0.48,-0.5760000000000001,-0.8370000000000001
26.72,0.95,-0.7340000000000001,-1.055
26.8,0.823,-0.7390000000000001,-0.501
26.88,0.364,-0.7140000000000001,-0.381
26.96,0.325,-0.952,-0.507
27.04,0.443,-0.333,-0.621
27.12,0.721,-0.644,-0.623
27.2,0.47,-0.853,-0.534
27.28,0.407,-0.767,-0.319
27.36,0.465,-0.815,-0.395
27.44,0.447,-0.7240000000000001,-0.455
27.52,0.435,-0.727,-0.474
27.6,0.455,-0.7440000000000001,-0.5329999999999999
27.68,0.458,-0.696,-0.527
27.76,0.45,-0.685,-0.529
27.84,0.45,-0.698,-0.552
27.92,0.459,-0.684,-0.55
28.0,0.449,-0.626,-0.546
28.08,0.512,-0.732,-0.602
28.16,0.46,-0.618,-0.503
28.24,0.506,-0.7120000000000001,-0.545
28.32,0.5,-0.657,-0.541
28.4,0.493,-0.68,-0.5589999999999999
28.48,0.498,-0.7240000000000001,-0.532
28.56,0.525,-0.703,-0.49
28.64,0.505,-0.736,-0.464
28.72,0.486,-0.769,-0.407
28.8,0.465,-0.758,-0.33
28.88,0.51,-0.821,-0.105
28.96,0.423,-0.792,-0.08800000000000001
29.04,0.47,-0.8059999999999999,-0.17
29.12,0.509,-0.8290000000000001,-0.271
29.2,0.49,-0.8440000000000001,-0.299
29.28,0.474,-0.818,-0.268
29.36,0.475,-0.816,-0.25
29.44,0.473,-0.816,-0.257
29.52,0.479,-0.816,-0.259
29.6,0.477,-0.8170000000000001,-0.254
29.68,0.479,-0.821,-0.263
29.76,0.477,-0.815,-0.261
29.84,0.479,-0.821,-0.266
29.92,0.478,-0.8170000000000001,-0.265
30.0,0.475,-0.816,-0.264
30.08,0.477,-0.8170000000000001,-0.264
30.16,0.477,-0.816,-0.264
30.24,0.475,-0.815,-0.268
30.32,0.472,-0.816,-0.274
30.4,0.477,-0.812,-0.265
30.48,0.471,-0.812,-0.28300000000000003
30.56,0.479,-0.8109999999999999,-0.303
30.64,0.488,-0.8190000000000001,-0.317
30.72,0.55,-0.7490000000000001,-0.355
30.8,0.5589999999999999,-0.7759999999999999,-0.403
30.88,0.562,-0.984,-0.223
30.96,0.604,-0.91,-0.162
31.04,0.7859999999999999,-0.634,-0.004
31.12,0.6920000000000001,-0.7709999999999999,0.146
31.2,0.7190000000000001,-0.619,-0.166
31.28,0.695,-0.57,-0.183
31.36,0.597,-0.472,-0.221
31.44,0.67,-0.214,-0.412
31.52,0.7759999999999999,-0.093,-0.639
31.6,0.7509999999999999,-0.17800000000000002,-0.604
31.68,0.85,-0.006,-0.741
31.76,0.672,-0.184,-0.826
31.84,0.574,-0.379,-0.8170000000000001
31.92,0.64,-0.3720000000000001,-0.843
32.0,0.737,-0.277,-0.5579999999999999
32.08,0.7170000000000001,-0.204,-0.579
32.160000000000004,0.847,-0.07200000000000001,-0.607
32.24,1.358,0.316,-0.789
32.32,1.455,0.41,-0.769
32.4,1.179,0.316,-0.79
32.480000000000004,0.831,0.349,-0.377
32.56,0.8590000000000001,0.087,-0.28
32.64,1.031,-0.024,-0.256
32.72,0.7140000000000001,-0.069,-0.499
32.8,0.68,-0.101,-0.5660000000000001
32.88,0.59,0.374,-0.402
32.96,0.7090000000000001,0.77,0.146
33.04,0.893,0.475,0.103
33.12,0.6409999999999999,0.603,-0.02
33.2,0.767,0.667,-0.162
33.28,1.485,0.885,-0.205
33.36,1.171,0.79,-0.355
33.44,0.787,0.706,-0.631
33.52,0.84,0.7,-0.403
33.6,0.973,0.528,-0.028
33.68,0.7559999999999999,0.319,-0.358
33.76,0.59,0.022,-0.277
33.84,0.962,0.124,0.127
33.92,1.072,0.302,0.104
34.0,0.481,0.041,0.155
34.08,0.695,-0.042,0.199
34.160000000000004,1.01,0.264,0.36
34.24,0.826,0.138,0.342
34.32,1.112,0.401,0.5660000000000001
34.4,0.777,0.281,0.388
34.480000000000004,0.879,0.275,0.444
34.56,0.8909999999999999,0.303,0.418
34.64,0.873,0.302,0.391
34.72,0.872,0.303,0.395
34.800000000000004,0.8759999999999999,0.28,0.425
34.88,0.8759999999999999,0.315,0.42
34.96,0.878,0.314,0.412
35.04,0.8690000000000001,0.321,0.41
35.12,0.857,0.319,0.424
35.2,0.866,0.325,0.419
35.28,0.8540000000000001,0.328,0.399
35.36,0.908,0.201,0.371
35.44,0.916,0.197,0.375
35.52,0.905,0.225,0.377
35.6,0.906,0.228,0.39
35.68,0.91,0.21,0.386
35.76,0.899,0.217,0.385
35.84,0.918,0.21,0.386
35.92,0.916,0.208,0.361
36.0,0.938,0.193,0.34600000000000003
36.08,0.942,0.196,0.337
36.16,0.937,0.188,0.34
36.24,0.92,0.17600000000000002,0.354
36.32,0.919,0.18,0.35700000000000004
36.4,0.939,0.192,0.34600000000000003
36.48,0.935,0.18600000000000005,0.333
36.56,0.944,0.181,0.331
36.64,0.94,0.182,0.324
36.72,0.943,0.187,0.331
36.8,0.95,0.18,0.358
36.88,0.926,0.184,0.362
36.96,0.7979999999999999,0.221,0.321
37.04,0.6579999999999999,0.287,0.256
37.12,0.967,0.35600000000000004,0.298
37.2,0.904,0.271,0.207
37.28,0.75,0.222,0.08800000000000001
37.36,0.705,0.235,-0.021
37.44,0.6829999999999999,0.25,-0.108
37.52,0.604,0.225,-0.18600000000000005
37.6,0.841,0.392,-0.337
37.68,1.056,0.573,-0.353
37.76,1.556,0.652,-0.458
37.84,2.056,0.745,-0.2
37.92,1.621,0.746,0.055
38.0,-0.27,0.16899999999999998,0.111
38.08,-0.5920000000000001,-0.158,-0.161
38.16,0.161,0.129,-0.149
38.24,0.459,-0.027000000000000003,0.5329999999999999
38.32,1.426,-1.157,0.038
38.4,1.344,-3.775,-0.544
38.48,0.114,-0.183,-0.412
38.56,1.083,-0.898,-1.128
38.64,0.987,-0.7290000000000001,-0.583
38.72,0.502,-0.7040000000000001,-0.393
38.8,0.463,-0.688,-0.274
38.88,0.5870000000000001,-0.745,-0.208
38.96,0.5870000000000001,-0.8170000000000001,-0.446
39.04,0.436,-0.76,-0.583
39.12,0.8170000000000001,-0.264,-0.304
39.2,0.708,-0.768,-0.406
39.28,0.482,-0.746,-0.586
39.36,0.5379999999999999,-0.713,-0.488
39.44,0.605,-0.6940000000000001,-0.379
39.52,0.575,-0.685,-0.278
39.6,0.562,-0.7140000000000001,-0.375
39.68,0.57,-0.726,-0.409
39.76,0.581,-0.711,-0.369
39.84,0.573,-0.708,-0.355
39.92,0.569,-0.7170000000000001,-0.375
40.0,0.57,-0.715,-0.375
40.08,0.5710000000000001,-0.71,-0.375
40.16,0.562,-0.6990000000000001,-0.375
40.24,0.565,-0.731,-0.394
40.32,0.568,-0.614,-0.389
40.4,0.584,-0.636,-0.555
40.48,0.524,-0.625,-0.63
40.56,0.5539999999999999,-0.624,-0.574
40.64,0.58,-0.657,-0.539
40.72,0.623,-0.746,-0.518
40.8,0.618,-0.606,-0.424
40.88,0.606,-0.738,-0.395
40.96,0.635,-0.635,-0.486
41.04,0.588,-0.657,-0.491
41.12,0.598,-0.556,-0.502
41.2,0.63,-0.443,-0.5920000000000001
41.28,0.583,-0.35,-0.6
41.36,0.622,-0.302,-0.608
41.44,0.722,-0.29,-0.617
41.52,0.638,-0.3720000000000001,-0.6509999999999999
41.6,0.6629999999999999,-0.299,-0.695
41.68,0.693,-0.391,-0.659
41.76,0.62,-0.354,-0.619
41.84,0.611,-0.162,-0.639
41.92,0.762,-0.28600000000000003,-0.741
42.0,0.6890000000000001,-0.455,-0.6509999999999999
42.08,0.706,-0.31,-0.633
42.16,0.748,-0.065,-0.486
42.24,0.8370000000000001,-0.073,-0.655
42.32,1.035,0.108,-1.022
42.4,1.101,0.394,-0.611
42.48,0.969,0.268,-0.453
42.56,0.867,0.299,-0.562
42.64,0.623,0.366,-0.578
42.72,0.615,0.394,-0.391
42.8,0.857,0.476,-0.392
42.88,1.05,0.451,-0.428
42.96,1.055,0.393,-0.368
43.04,1.028,0.406,-0.395
43.12,0.908,0.345,-0.488
43.2,0.838,0.256,-0.477
43.28,0.945,0.058,-0.418
43.36,0.879,0.033,-0.208
43.44,0.7809999999999999,0.101,-0.171
43.52,0.746,0.17800000000000002,-0.115
43.6,0.7929999999999999,0.226,0.052000000000000005
43.68,0.878,0.309,0.136
43.76,0.911,0.297,0.171
43.84,0.915,0.237,0.191
43.92,0.933,0.135,0.241
44.0,0.956,0.189,0.161
44.08,1.006,0.396,0.13
44.16,0.932,0.625,-0.08
44.24,1.241,0.746,-0.238
44.32,1.32,0.7809999999999999,-0.196
44.4,1.164,0.674,-0.365
44.48,0.908,0.615,-0.391
44.56,0.665,0.688,-0.326
44.64,0.557,0.546,-0.277
44.72,0.607,0.343,-0.132
44.8,0.521,0.243,-0.166
44.88,0.6709999999999999,0.063,0.267
44.96,0.96,0.198,0.317
45.04,1.11,0.307,0.378
45.12,1.136,0.258,0.365
45.2,0.929,0.241,0.22
45.28,0.8590000000000001,0.188,0.081
45.36,0.965,0.235,0.078
45.44,0.965,0.228,0.1
45.52,0.939,0.208,0.062
45.6,0.959,0.16899999999999998,-0.018000000000000002
45.68,0.935,0.141,-0.092
45.76,1.03,0.13699999999999998,-0.076
45.84,1.082,0.212,0.075
45.92,1.009,0.24,0.12
46.0,0.987,0.24,0.171
46.08,0.978,0.257,0.25
46.16,0.941,0.245,0.306
46.24,0.938,0.246,0.342
46.32,0.912,0.272,0.366
46.4,0.899,0.28,0.369
46.48,0.907,0.287,0.373
46.56,0.885,0.263,0.3670000000000001
46.64,0.871,0.261,0.366
46.72,0.91,0.293,0.316
46.8,0.92,0.294,0.315
46.88,0.923,0.29,0.304
46.96,0.924,0.292,0.292
47.04,0.926,0.293,0.289
47.12,0.928,0.289,0.285
47.2,0.93,0.29100000000000004,0.281
47.28,0.935,0.293,0.279
47.36,0.935,0.28800000000000003,0.276
47.44,0.932,0.28600000000000003,0.276
47.52,0.933,0.287,0.279
47.6,0.931,0.285,0.282
47.68,0.926,0.28300000000000003,0.29100000000000004
47.76,0.917,0.28800000000000003,0.307
47.84,0.915,0.28800000000000003,0.311
47.92,0.933,0.28,0.313
48.0,0.911,0.28300000000000003,0.28600000000000003
48.08,0.92,0.287,0.269
48.16,0.923,0.28300000000000003,0.284
48.24,0.913,0.292,0.292
48.32,0.875,0.29100000000000004,0.29600000000000004
48.4,0.8690000000000001,0.257,0.279
48.48,0.833,0.254,0.247
48.56,0.73,0.213,0.194
48.64,0.458,0.142,0.124
48.72,0.32299999999999995,0.155,-0.141
48.8,0.7170000000000001,0.332,-0.487
48.88,0.964,0.375,-0.5479999999999999
48.96,1.048,0.5329999999999999,-0.537
49.04,1.499,0.8240000000000001,-0.765
49.12000000000001,1.977,0.921,-0.3720000000000001
49.2,1.5530000000000002,0.794,-0.163
49.28,0.333,0.16699999999999998,-0.016
49.36,-0.35,-0.146,-0.244
49.44,-0.261,-0.069,-0.403
49.52,-0.102,-0.006999999999999999,-0.303
49.6,2.365,-1.6769999999999998,0.909
49.68,0.679,-1.59,1.179
49.76,0.62,-1.4069999999999998,0.047
49.84,0.643,-0.778,-0.228
49.92,1.181,-0.7759999999999999,-0.242
50.0,0.7070000000000001,-0.7509999999999999,-0.006
50.08,0.5770000000000001,-0.674,0.201
50.16,0.5710000000000001,-0.711,0.073
50.24,0.456,-0.779,-0.042
50.32,0.5529999999999999,-0.978,-0.004
50.4,0.63,-0.6729999999999999,0.212
50.48,0.831,-0.813,0.116
50.56,0.623,-0.838,-0.001
50.64,0.38,-0.852,-0.006
50.72,0.487,-0.825,-0.078
50.8,0.578,-0.8390000000000001,0.151
50.88,0.537,-0.84,0.079
50.96,0.487,-0.82,-0.016
51.04,0.519,-0.8370000000000001,0.042
51.12000000000001,0.526,-0.8390000000000001,0.07
51.2,0.521,-0.826,0.036000000000000004
51.28,0.521,-0.835,0.039
51.36,0.522,-0.8320000000000001,0.049
51.44,0.521,-0.828,0.062
51.52,0.523,-0.83,0.051
51.6,0.513,-0.831,0.057
51.68,0.52,-0.8390000000000001,0.05
51.76,0.516,-0.836,0.052000000000000005
51.84,0.515,-0.831,0.063
51.92,0.517,-0.8320000000000001,0.066
52.0,0.522,-0.828,0.054000000000000006
52.08,0.515,-0.84,0.058
52.16,0.503,-0.8490000000000001,0.076
52.24,0.502,-0.838,0.056
52.32,0.504,-0.841,0.05
52.4,0.502,-0.843,0.071
52.48,0.499,-0.84,0.057
52.56,0.493,-0.848,0.038
52.64,0.507,-0.853,0.036000000000000004
52.72,0.504,-0.862,0.059
52.8,0.501,-0.8370000000000001,0.077
52.88,0.604,-0.866,0.066
52.96,0.6609999999999999,-0.8390000000000001,0.08
53.04,0.573,-0.6940000000000001,0.32299999999999995
53.12000000000001,0.552,-0.73,0.301
53.2,0.334,-0.584,0.35
53.28,0.501,-0.8079999999999999,0.547
53.36,0.715,-1.023,0.403
53.44,0.521,-0.53,0.526
53.52,0.695,-0.609,0.62
53.6,0.747,-0.457,0.563
53.68,0.757,-0.391,0.45
53.76,0.716,-0.257,0.314
53.84,0.838,-0.205,0.281
53.92,0.893,-0.18600000000000005,0.337
54.0,0.877,-0.15,0.25
54.08,0.873,-0.109,0.104
54.16,0.933,0.005,-0.092
54.24,0.883,0.094,-0.226
54.32,0.889,0.103,-0.445
54.4,1.106,-0.119,-0.8079999999999999
54.48,0.83,-0.031,-0.568
54.56,0.727,-0.106,-0.597
54.64,0.86,-0.046,-0.565
54.72,0.871,0.021,-0.4970000000000001
54.8,0.8740000000000001,-0.013,-0.507
54.88,0.94,-0.066,-0.43
54.96,0.998,-0.067,-0.539
55.04,0.7929999999999999,-0.166,-0.514
55.12000000000001,0.711,-0.262,-0.523
55.2,0.695,-0.268,-0.5529999999999999
55.28,0.778,-0.424,-0.594
55.36,0.91,-0.378,-0.618
55.44,1.118,-0.32,-0.713
55.52,0.933,-0.08900000000000001,-0.629
55.6,0.8109999999999999,-0.046,-0.596
55.68,0.7190000000000001,-0.235,-0.462
55.76,0.762,0.036000000000000004,-0.465
55.84,0.826,0.378,-0.425
55.92,0.952,0.348,-0.417
56.0,0.706,0.389,-0.417
56.08,0.513,0.348,-0.514
56.16,0.474,0.445,-0.452
56.24,0.716,0.31,-0.423
56.32,1.118,0.399,-0.516
56.4,0.974,0.479,-0.232
56.48,0.723,0.362,-0.319
56.56,0.906,0.19,-0.695
56.64,0.944,0.177,-1.061
56.72,0.7090000000000001,0.246,-0.838
56.8,0.968,-0.018000000000000002,-0.515
56.88,1.117,-0.021,-0.615
56.96,1.126,0.28800000000000003,-0.564
57.04,1.097,0.381,-0.537
57.12000000000001,0.898,0.396,-0.557
57.2,0.9,0.452,-0.454
57.28,0.887,0.376,-0.41
57.36,0.913,0.519,-0.358
57.44,0.8440000000000001,0.555,-0.246
57.52,0.953,0.354,-0.3
57.6,0.7609999999999999,0.494,-0.298
57.68,0.49,0.768,-0.222
57.76,0.222,0.851,-0.267
57.84,0.8029999999999999,0.52,0.333
57.92,0.945,0.325,0.235
58.0,0.7390000000000001,0.359,0.331
58.08,0.818,0.39,0.326
58.16,0.777,0.487,0.329
58.24,0.889,0.481,0.126
58.32,1.237,0.516,-0.168
58.4,1.4580000000000002,0.386,-0.36
58.48,1.307,0.522,-0.331
58.56,1.177,0.44,-0.379
58.64,1.057,0.417,-0.396
58.72,0.996,0.334,-0.414
58.8,0.748,0.207,-0.209
58.88,0.258,0.08,-0.09
58.96,0.056,0.032,-0.083
59.04,0.8440000000000001,0.21600000000000005,0.391
59.12000000000001,1.605,0.556,0.725
59.2,0.732,0.287,0.332
59.28,0.7290000000000001,0.28300000000000003,0.378
59.36,0.939,0.294,0.448
59.44,0.8420000000000001,0.226,0.436
59.52,0.866,0.21,0.4370000000000001
59.6,0.907,0.229,0.413
59.68,0.94,0.255,0.404
59.76,0.922,0.237,0.397
59.84,0.91,0.293,0.316
59.92,0.92,0.294,0.315
60.0,0.923,0.29,0.304
60.08,0.924,0.292,0.292
60.16,0.926,0.293,0.289
60.24,0.928,0.289,0.285
60.32,0.93,0.29100000000000004,0.281
60.4,0.935,0.293,0.279
60.48,0.935,0.28800000000000003,0.276
60.56,0.932,0.28600000000000003,0.276
60.64,0.933,0.287,0.279
60.72,0.931,0.285,0.282
60.8,0.926,0.28300000000000003,0.29100000000000004
60.88,0.917,0.28800000000000003,0.307
60.96,0.915,0.28800000000000003,0.311
61.04,0.933,0.28,0.313
61.12000000000001,0.911,0.28300000000000003,0.28600000000000003
61.2,0.92,0.287,0.269
61.28,0.923,0.28300000000000003,0.284
61.36,0.913,0.292,0.292
61.44,0.875,0.29100000000000004,0.29600000000000004
61.52,0.8690000000000001,0.257,0.279
61.6,0.833,0.254,0.247
61.68,0.73,0.213,0.194
61.76,0.458,0.142,0.124
61.84,0.32299999999999995,0.155,-0.141
61.92,0.7170000000000001,0.332,-0.487
62.0,0.964,0.375,-0.5479999999999999
62.08,1.048,0.5329999999999999,-0.537
62.16,1.499,0.8240000000000001,-0.765
62.24,1.977,0.921,-0.3720000000000001
62.32,1.5530000000000002,0.794,-0.163
62.4,0.333,0.16699999999999998,-0.016
62.48,-0.35,-0.146,-0.244
62.56,-0.261,-0.069,-0.403
62.64,-0.102,-0.006999999999999999,-0.303
62.72,2.365,-1.6769999999999998,0.909
62.8,0.679,-1.59,1.179
62.88,0.62,-1.4069999999999998,0.047
62.96,0.643,-0.778,-0.228
63.04,1.181,-0.7759999999999999,-0.242
63.12000000000001,0.7070000000000001,-0.7509999999999999,-0.006
63.2,0.5770000000000001,-0.674,0.201
63.28,0.5710000000000001,-0.711,0.073
63.36,0.456,-0.779,-0.042
63.44000000000001,0.5529999999999999,-0.978,-0.004
63.52,0.63,-0.6729999999999999,0.212
63.6,0.831,-0.813,0.116
63.68,0.623,-0.838,-0.001
63.76,0.38,-0.852,-0.006
63.84,0.487,-0.825,-0.078
63.92,0.578,-0.8390000000000001,0.151
64.0,0.537,-0.84,0.079
64.08,0.487,-0.82,-0.016
64.16,0.519,-0.8370000000000001,0.042
64.24,0.526,-0.8390000000000001,0.07
64.32000000000001,0.521,-0.826,0.036000000000000004
64.4,0.521,-0.835,0.039
64.48,0.522,-0.8320000000000001,0.049
64.56,0.521,-0.828,0.062
64.64,0.523,-0.83,0.051
64.72,0.513,-0.831,0.057
64.8,0.52,-0.8390000000000001,0.05
64.88,0.516,-0.836,0.052000000000000005
64.96000000000001,0.515,-0.831,0.063
65.04,0.517,-0.8320000000000001,0.066
65.12,0.522,-0.828,0.054000000000000006
65.2,0.515,-0.84,0.058
65.28,0.503,-0.8490000000000001,0.076
65.36,0.502,-0.838,0.056
65.44,0.504,-0.841,0.05
65.52,0.502,-0.843,0.071
65.6,0.499,-0.84,0.057
65.68,0.493,-0.848,0.038
65.76,0.507,-0.853,0.036000000000000004
65.84,0.504,-0.862,0.059
65.92,0.501,-0.8370000000000001,0.077
66.0,0.604,-0.866,0.066
66.08,0.6609999999999999,-0.8390000000000001,0.08
66.16,0.573,-0.6940000000000001,0.32299999999999995
66.24,0.552,-0.73,0.301
66.32000000000001,0.334,-0.584,0.35
66.4,0.501,-0.8079999999999999,0.547
66.48,0.715,-1.023,0.403
66.56,0.521,-0.53,0.526
66.64,0.695,-0.609,0.62
66.72,0.747,-0.457,0.563
66.8,0.757,-0.391,0.45
66.88,0.716,-0.257,0.314
66.96000000000001,0.838,-0.205,0.281
67.04,0.893,-0.18600000000000005,0.337
67.12,0.877,-0.15,0.25
67.2,0.873,-0.109,0.104
67.28,0.933,0.005,-0.092
67.36,0.883,0.094,-0.226
67.44,0.889,0.103,-0.445
67.52,1.106,-0.119,-0.8079999999999999
67.6,0.83,-0.031,-0.568
67.68,0.727,-0.106,-0.597
67.76,0.86,-0.046,-0.565
67.84,0.871,0.021,-0.4970000000000001
67.92,0.8740000000000001,-0.013,-0.507
68.0,0.94,-0.066,-0.43
68.08,0.998,-0.067,-0.539
68.16,0.7929999999999999,-0.166,-0.514
68.24,0.711,-0.262,-0.523
68.32000000000001,0.695,-0.268,-0.5529999999999999
68.4,0.778,-0.424,-0.594
68.48,0.91,-0.378,-0.618
68.56,1.118,-0.32,-0.713
68.64,0.933,-0.08900000000000001,-0.629
68.72,0.8109999999999999,-0.046,-0.596
68.8,0.7190000000000001,-0.235,-0.462
68.88,0.762,0.036000000000000004,-0.465
68.96000000000001,0.826,0.378,-0.425
69.04,0.952,0.348,-0.417
69.12,0.706,0.389,-0.417
69.2,0.513,0.348,-0.514
69.28,0.474,0.445,-0.452
69.36,0.716,0.31,-0.423
69.44,1.118,0.399,-0.516
69.52,0.974,0.479,-0.232
69.60000000000001,0.723,0.362,-0.319
69.68,0.906,0.19,-0.695
69.76,0.944,0.177,-1.061
69.84,0.7090000000000001,0.246,-0.838
69.92,0.968,-0.018000000000000002,-0.515
70.0,1.117,-0.021,-0.615
70.08,1.126,0.28800000000000003,-0.564
70.16,1.097,0.381,-0.537
70.24,0.898,0.396,-0.557
70.32000000000001,0.9,0.452,-0.454
70.4,0.887,0.376,-0.41
70.48,0.913,0.519,-0.358
70.56,0.8440000000000001,0.555,-0.246
70.64,0.953,0.354,-0.3
70.72,0.7609999999999999,0.494,-0.298
70.8,0.49,0.768,-0.222
70.88,0.222,0.851,-0.267
70.96000000000002,0.8029999999999999,0.52,0.333
71.04,0.945,0.325,0.235
71.12,0.7390000000000001,0.359,0.331
71.2,0.818,0.39,0.326
71.28,0.777,0.487,0.329
71.36,0.889,0.481,0.126
71.44,1.237,0.516,-0.168
71.52,1.4580000000000002,0.386,-0.36
71.60000000000002,1.307,0.522,-0.331
71.68,1.177,0.44,-0.379
71.76,1.057,0.417,-0.396
71.84,0.996,0.334,-0.414
71.92,0.748,0.207,-0.209
72.0,0.258,0.08,-0.09
72.08,0.056,0.032,-0.083
72.16,0.8440000000000001,0.21600000000000005,0.391
72.24,1.605,0.556,0.725
72.32000000000002,0.732,0.287,0.332
72.4,0.7290000000000001,0.28300000000000003,0.378
72.48,0.939,0.294,0.448
72.56,0.8420000000000001,0.226,0.436
72.64,0.866,0.21,0.4370000000000001
72.72,0.907,0.229,0.413
72.8,0.94,0.255,0.404
72.88,0.922,0.237,0.397
